CustomerID,FirstName,LastName,DateOfBirth,Email,Phone,Address,City,State,Country
1,John,Doe,1985-03-12,johndoe@example.com,123-456-7890,123 Main St,Anytown,CA,USA
2,Jane,Smith,1990-07-25,janesmith@example.com,987-654-3210,456 Elm St,Smallville,TX,USA
3,Michael,Johnson,1982-11-05,michaeljohnson@example.com,555-123-4567,789 Oak Ave,Bigtown,NY,USA
4,Amanda,Williams,1975-09-18,amandawilliams@example.com,222-333-4444,101 Pine Blvd,Metropolis,IL,USA
5,David,Brown,1995-02-28,davidbrown@example.com,777-888-9999,222 Cedar Ln,Rivertown,CA,USA
6,Sarah,Jones,1988-06-10,sarahjones@example.com,333-111-2222,333 Maple Dr,Lakeview,FL,USA
7,Matthew,Garcia,1980-04-15,matthewgarcia@example.com,444-555-6666,444 Walnut Ave,Hilltown,WA,USA
8,Emily,Martinez,1987-08-20,emilymartinez@example.com,666-777-8888,555 Sycamore Cir,Mountainview,CO,USA
9,Christopher,Rodriguez,1979-01-02,christopherrodriguez@example.com,999-000-1111,666 Pinecrest Rd,Sunset Valley,TX,USA
10,Laura,Hernandez,1993-12-30,laurahernandez@example.com,111-222-3333,777 Cedar Ave,Springfield,MO,USA
11,Jason,Lopez,1983-07-08,jasonlopez@example.com,444-999-5555,888 Oak St,Pineville,NC,USA
12,Megan,Gonzalez,1970-05-21,megangonzalez@example.com,777-111-2222,999 Elm Dr,Riverside,CA,USA
13,Ryan,Wilson,1989-09-14,ryanwilson@example.com,888-444-9999,111 Birch Ln,Oakdale,PA,USA
14,Rebecca,Perez,1986-02-17,rebeccaperez@example.com,222-888-4444,222 Spruce Rd,Lakeside,CA,USA
15,Kevin,Ramirez,1984-11-28,kevinramirez@example.com,333-777-5555,333 Maple Ave,Hilltop,FL,USA
16,Stephanie,Campbell,1981-03-06,stephaniecampbell@example.com,555-333-7777,444 Pine St,Meadowville,NY,USA
17,Nicholas,Carter,1991-08-09,nicholascarter@example.com,666-222-8888,555 Cedar Dr,Sunrise City,TX,USA
18,Heather,Morris,1977-07-04,heathermorris@example.com,777-555-3333,666 Oak Ln,Greenfield,OH,USA
19,Kyle,Nguyen,1980-12-17,kylenguyen@example.com,999-444-8888,777 Elm Rd,Forestville,CA,USA
20,Christina,Hall,1994-04-03,christinahall@example.com,111-333-7777,888 Pine Ave,Hillsboro,OR,USA
21,Brian,Rivera,1978-06-26,brianrivera@example.com,222-999-4444,999 Cedar Cir,Valleyview,WA,USA
22,Amy,Mitchell,1973-10-31,amymitchell@example.com,888-222-9999,111 Maple Blvd,Beachtown,CA,USA
23,Jonathan,Perez,1988-01-15,jonathanperez@example.com,333-888-2222,222 Elm Dr,Rivertown,TX,USA
24,Kelly,Roberts,1986-05-08,kellyroberts@example.com,444-777-3333,333 Oak St,Mountainside,NJ,USA
25,Timothy,Walker,1985-12-23,timothywalker@example.com,555-444-2222,444 Pine Ln,Riverdale,CO,USA
26,Samantha,Turner,1979-02-19,samanthaturner@example.com,666-999-3333,555 Cedar Rd,Sunnydale,FL,USA
27,Patrick,Phillips,1992-06-24,patrickphillips@example.com,777-222-5555,666 Elm Ave,Redwood City,CA,USA
28,Andrea,Campbell,1976-04-13,andreacampbell@example.com,222-777-4444,777 Maple Dr,Greenfield,OH,USA
29,Jacob,Parker,1983-11-06,jacobparker@example.com,888-333-6666,888 Oak Ave,Meadowville,NY,USA
30,Natalie,Evans,1990-09-29,natalieevans@example.com,333-444-7777,999 Elm Rd,Sunrise City,TX,USA
31,Lauren,Edwards,1974-08-12,laurenedwards@example.com,444-888-3333,111 Cedar Ln,Hilltop,FL,USA
32,Brandon,Collins,1987-01-25,brandoncollins@example.com,555-777-2222,222 Sycamore Cir,Mountainview,CO,USA
33,Alexander,Stewart,1982-03-18,alexanderstewart@example.com,666-222-5555,333 Pinecrest Rd,Sunset Valley,TX,USA
34,Courtney,Sanchez,1971-06-01,courtneysanchez@example.com,777-888-3333,444 Cedar Ave,Springfield,MO,USA
35,Ashley,Morris,1995-04-16,ashleymorris@example.com,888-555-2222,555 Oak St,Pineville,NC,USA
36,Zachary,Gomez,1984-12-19,zacharygomez@example.com,222-999-7777,666 Elm Dr,Riverside,CA,USA
37,Kaitlyn,Ross,1978-07-22,kaitlynross@example.com,333-444-8888,777 Spruce Rd,Lakeside,CA,USA
38,Jeremy,Price,1989-10-05,jeremyprice@example.com,444-111-7777,888 Birch Ln,Oakdale,PA,USA
39,Victoria,Howard,1981-11-08,victoriahoward@example.com,555-666-2222,999 Spruce Rd,Lakeside,CA,USA
40,Carlos,Scott,1993-05-14,carlosscott@example.com,666-333-8888,111 Cedar Ave,Springfield,MO,USA
41,Katherine,Ward,1980-02-27,katherineward@example.com,777-999-6666,222 Pine St,Meadowville,NY,USA
42,Jesse,Murphy,1976-01-30,jessemurphy@example.com,888-444-1111,333 Cedar Dr,Sunrise City,TX,USA
43,Philip,Bell,1991-09-13,philipbell@example.com,111-222-3333,444 Elm Ln,Greenfield,OH,USA
44,Cassandra,Watson,1985-03-18,cassandrawatson@example.com,222-555-8888,555 Oak Rd,Forestville,CA,USA
45,Chad,Brooks,1988-06-21,chadbrooks@example.com,333-777-9999,666 Maple Ave,Hillsboro,OR,USA
46,Kristen,Bennett,1982-10-04,kristenbennett@example.com,444-999-1111,777 Pine Ave,Hillsboro,OR,USA
47,Alan,Gray,1970-04-17,alangray@example.com,555-222-4444,888 Cedar Cir,Valleyview,WA,USA
48,Alicia,Nelson,1994-01-30,alicianelson@example.com,666-888-2222,999 Sycamore Cir,Mountainview,CO,USA
49,Bryan,Turner,1977-12-03,bryanturner@example.com,777-333-5555,111 Maple Blvd,Beachtown,CA,USA
50,Melissa,Campbell,1983-03-16,melissacampbell@example.com,888-111-4444,222 Elm Dr,Rivertown,TX,USA
51,Keith,Murphy,1986-07-29,keithmurphy@example.com,111-777-2222,333 Oak St,Mountainside,NJ,USA
52,Jacqueline,Richards,1989-10-02,jacquelinerichards@example.com,222-444-8888,444 Cedar Ave,Springfield,MO,USA
53,Paul,Watson,1975-04-25,paulwatson@example.com,333-555-7777,555 Birch Ln,Oakdale,PA,USA
54,Laura,Wood,1990-08-20,laurawood@example.com,444-888-9999,666 Sycamore Rd,Sunnydale,FL,USA
55,Rachel,Howard,1982-12-05,rachelhoward@example.com,555-666-3333,777 Maple Dr,Greenfield,OH,USA
56,Daniel,Young,1978-03-30,danielyoung@example.com,666-777-4444,888 Birch Ln,Pineville,NC,USA
57,Elizabeth,Phillips,1995-11-22,elizabethphillips@example.com,777-111-2222,999 Oak St,Hilltop,FL,USA
58,Edward,Price,1981-06-16,edwardprice@example.com,888-333-5555,111 Pine Dr,Sunset Valley,TX,USA
59,Amber,James,1993-12-08,amberjames@example.com,222-999-6666,222 Cedar Rd,Rivertown,TX,USA
60,Aaron,Adams,1972-09-25,aaronadams@example.com,333-111-7777,333 Maple Ln,Greenfield,OH,USA
61,Victoria,Clark,1987-04-09,victoriaclark@example.com,444-555-8888,444 Elm Rd,Forestville,CA,USA
62,Samuel,Harris,1994-01-11,samuelharris@example.com,555-666-1111,555 Sycamore Dr,Sunnydale,FL,USA
63,Olivia,Baker,1980-11-23,oliviabaker@example.com,666-777-2222,666 Pinecrest Rd,Redwood City,CA,USA
64,Joshua,Mitchell,1979-10-16,joshuamitchell@example.com,777-888-3333,777 Cedar Blvd,Mountainview,CO,USA
65,Emily,Turner,1992-07-01,emilyturner@example.com,888-999-4444,888 Birch Blvd,Beachtown,CA,USA
66,Justin,King,1985-04-27,justinking@example.com,222-333-6666,999 Oak Ave,Meadowville,NY,USA
67,Grace,Hughes,1981-08-31,gracehughes@example.com,333-444-7777,111 Pinecrest Rd,Valleyview,WA,USA
68,Jordan,Cooper,1994-11-30,jordancooper@example.com,444-555-8888,222 Elm Ave,Springfield,MO,USA
69,Chloe,Adams,1987-03-22,chloeadams@example.com,555-666-9999,333 Maple Blvd,Oakdale,PA,USA
70,David,Wright,1982-12-14,davidwright@example.com,666-777-1111,444 Sycamore Cir,Sunnydale,FL,USA
71,Amanda,Thompson,1993-06-13,amandathompson@example.com,777-888-2222,555 Cedar Blvd,Hillsboro,OR,USA
72,Michael,Clark,1986-07-10,michaelclark@example.com,888-999-3333,666 Oak Rd,Hilltop,FL,USA
73,Jessica,Martinez,1981-04-21,jessicamartinez@example.com,999-222-4444,777 Pine Ln,Meadowville,NY,USA
74,Brian,Morris,1979-09-08,brianmorris@example.com,111-444-5555,888 Maple Rd,Springfield,MO,USA
75,Emily,Walker,1994-02-25,emilywalker@example.com,222-555-6666,999 Cedar Blvd,Greenfield,OH,USA
76,Sean,Baker,1983-11-11,seanbaker@example.com,333-666-7777,111 Birch Ave,Rivertown,TX,USA
77,Alyssa,Jones,1991-01-19,alyssajones@example.com,444-777-8888,222 Oak Blvd,Redwood City,CA,USA
78,Robert,Hall,1987-09-12,roberthall@example.com,555-888-9999,333 Sycamore Dr,Forestville,CA,USA
79,Laura,Adams,1984-05-25,lauradams@example.com,666-999-0000,444 Elm Ave,Hilltop,FL,USA
80,John,Scott,1995-06-06,johnscott@example.com,777-222-3333,555 Maple Rd,Hillsboro,OR,USA
81,Stephanie,Wood,1990-08-07,stephaniewood@example.com,888-333-6666,666 Pinecrest Rd,Sunnydale,FL,USA
82,James,Young,1982-11-11,jamesyoung@example.com,999-444-7777,777 Cedar Dr,Oakdale,PA,USA
83,Megan,Phillips,1977-01-25,meganphillips@example.com,111-555-8888,888 Birch Blvd,Rivertown,TX,USA
84,Joshua,Mitchell,1994-03-14,joshuamitchell@example.com,222-666-1111,999 Oak St,Beachtown,CA,USA
85,Jennifer,White,1986-06-29,jenniferwhite@example.com,333-777-4444,111 Pine Blvd,Springfield,MO,USA
86,Matthew,Harris,1983-10-02,matthewharris@example.com,444-888-5555,222 Maple Rd,Forestville,CA,USA
87,Rebecca,James,1991-05-15,rebeccajames@example.com,555-999-6666,333 Cedar Ave,Hillsboro,OR,USA
88,Katherine,Campbell,1985-12-18,katherinecampbell@example.com,666-111-7777,444 Sycamore Cir,Meadowville,NY,USA
89,Daniel,Roberts,1979-08-20,danielroberts@example.com,777-444-8888,555 Pinecrest Rd,Greenfield,OH,USA
90,Elizabeth,Hall,1982-11-07,elizabethhall@example.com,888-999-2222,666 Birch Ave,Beachtown,CA,USA
91,Christopher,King,1993-03-09,christopherking@example.com,999-222-3333,777 Oak Ave,Sunnydale,FL,USA
92,Anna,Price,1984-07-22,annaprice@example.com,111-444-7777,888 Cedar Blvd,Hilltop,FL,USA
93,Nicole,Wilson,1991-09-05,nicolewilson@example.com,222-555-8888,999 Maple Dr,Forestville,CA,USA
94,Aaron,Thompson,1980-01-09,aaronthompson@example.com,333-666-9999,111 Pine Dr,Meadowville,NY,USA
95,Susan,Lee,1978-04-24,susanlee@example.com,444-777-1111,222 Elm Blvd,Springfield,MO,USA
96,Joseph,Mitchell,1990-07-07,josephmitchell@example.com,555-888-3333,333 Oak Ln,Redwood City,CA,USA
97,Laura,Scott,1984-12-18,laurascott@example.com,666-111-9999,444 Pinecrest Rd,Beachtown,CA,USA
98,Daniel,Jones,1992-06-01,danieljones@example.com,777-222-4444,555 Maple Ave,Hillsboro,OR,USA
99,Emily,Smith,1983-10-20,emilysmith@example.com,888-333-5555,666 Sycamore Ln,Greenfield,OH,USA
100,Matthew,Allen,1976-05-16,matthewallen@example.com,999-444-7777,777 Cedar Blvd,Sunnydale,FL,USA
101,Linda,Lopez,1992-12-12,lindalopez@example.com,111-333-4444,888 Maple Dr,Hilltop,FL,USA
102,Eric,Adams,1975-11-15,ericadams@example.com,222-555-7777,999 Sycamore Cir,Forestville,CA,USA
103,Jennifer,White,1990-10-21,jenniferwhite@example.com,333-666-8888,111 Birch Blvd,Meadowville,NY,USA
104,Tyler,Roberts,1989-04-03,tylerroberts@example.com,444-777-9999,222 Elm Ln,Springfield,MO,USA
105,Ashley,Wood,1991-08-08,ashleywood@example.com,555-888-2222,333 Cedar Dr,Beachtown,CA,USA
106,Brandon,Harris,1984-03-16,brandonharris@example.com,666-999-3333,444 Oak Rd,Hilltop,FL,USA
107,Megan,Clark,1993-05-17,meganclark@example.com,777-111-4444,555 Pine Ln,Forestville,CA,USA
108,Joshua,Mitchell,1981-01-25,joshuamitchell@example.com,888-222-5555,666 Sycamore Rd,Redwood City,CA,USA
109,Kelly,Walker,1988-06-14,kellywalker@example.com,999-333-6666,777 Maple Blvd,Hillsboro,OR,USA
110,James,Campbell,1982-09-22,jamescampbell@example.com,111-444-7777,888 Cedar Cir,Sunnydale,FL,USA
111,Amanda,Rodriguez,1995-02-01,amandarodriguez@example.com,222-555-8888,999 Birch Blvd,Meadowville,NY,USA
112,Robert,Young,1985-04-28,robertyoung@example.com,333-666-9999,111 Oak Ln,Springfield,MO,USA
113,Jessica,Walker,1986-07-30,jessicawalker@example.com,444-777-1111,222 Cedar Blvd,Forestville,CA,USA
114,Matthew,James,1989-11-19,matthewjames@example.com,555-888-2222,333 Pinecrest Rd,Redwood City,CA,USA
115,Amy,Scott,1992-09-23,amyscott@example.com,666-999-3333,444 Birch Ln,Hillsboro,OR,USA
116,Daniel,Brown,1978-04-09,danielbrown@example.com,777-111-4444,555 Maple Rd,Sunnydale,FL,USA
117,Laura,Mitchell,1987-03-17,lauramitchell@example.com,888-222-5555,666 Sycamore Dr,Meadowville,NY,USA
118,Andrew,Price,1993-12-10,andrewprice@example.com,999-333-6666,777 Cedar Ave,Forestville,CA,USA
119,Katherine,Green,1981-06-19,katherinegreen@example.com,111-444-7777,888 Oak Blvd,Hilltop,FL,USA
120,Patrick,Wilson,1989-10-25,patrickwilson@example.com,222-555-8888,999 Pine Ln,Beachtown,CA,USA
121,Stephanie,Lee,1977-08-15,stephanielee@example.com,333-666-9999,111 Sycamore Cir,Springfield,MO,USA
122,Michael,Evans,1994-01-12,michaelevans@example.com,444-777-1111,222 Maple Blvd,Forestville,CA,USA
123,Emily,Harris,1984-11-29,emilyharris@example.com,555-888-2222,333 Cedar Rd,Hilltop,FL,USA
124,Jessica,Young,1991-06-21,jessicayoung@example.com,666-999-3333,444 Oak Ave,Redwood City,CA,USA
125,David,Walker,1985-07-13,davidwalker@example.com,777-222-4444,555 Birch Ln,Sunnydale,FL,USA
126,Heather,Roberts,1980-04-14,heatherroberts@example.com,888-333-5555,666 Maple Ave,Meadowville,NY,USA
127,Michael,Campbell,1983-02-28,michaelcampbell@example.com,999-444-6666,777 Cedar Blvd,Beachtown,CA,USA
128,Amanda,Wood,1992-05-20,amandawood@example.com,111-555-7777,888 Pinecrest Rd,Forestville,CA,USA
129,Tyler,Adams,1979-08-17,tyleradams@example.com,222-666-9999,999 Maple Ln,Hilltop,FL,USA
130,Jessica,Brown,1991-01-16,jessicabrown@example.com,333-777-4444,111 Sycamore Dr,Sunnydale,FL,USA
131,Matthew,Johnson,1985-03-20,matthewjohnson@example.com,444-888-5555,222 Cedar Blvd,Redwood City,CA,USA
132,Ashley,Clark,1994-09-17,ashleyclark@example.com,555-999-6666,333 Pinecrest Rd,Meadowville,NY,USA
133,Daniel,Smith,1982-12-28,danielsmith@example.com,666-111-7777,444 Birch Ave,Hilltop,FL,USA
134,Linda,Wilson,1990-04-30,lindawilson@example.com,777-222-4444,555 Oak Ln,Beachtown,CA,USA
135,James,Green,1988-11-14,jamesgreen@example.com,888-333-5555,666 Sycamore Blvd,Sunnydale,FL,USA
136,Jennifer,Harris,1983-10-05,jenniferharris@example.com,999-444-6666,777 Pinecrest Rd,Redwood City,CA,USA
137,Michael,White,1991-03-28,michaelwhite@example.com,111-555-7777,888 Maple Dr,Forestville,CA,USA
138,Emily,James,1986-05-15,emilyjames@example.com,222-666-8888,999 Birch Ln,Beachtown,CA,USA
139,David,Adams,1992-02-12,davidadams@example.com,333-777-9999,111 Sycamore Cir,Sunnydale,FL,USA
140,Rebecca,Smith,1984-09-09,rebeccasmith@example.com,444-888-2222,222 Cedar Rd,Meadowville,NY,USA
141,Amanda,Brown,1990-06-22,amandabrown@example.com,555-999-3333,333 Maple Blvd,Redwood City,CA,USA
142,Joshua,Clark,1983-11-19,joshuaClark@example.com,666-111-4444,444 Pine Ave,Beachtown,CA,USA
143,Stephanie,Evans,1994-08-10,stephanieevans@example.com,777-222-5555,555 Oak Ln,Hilltop,FL,USA
144,Michael,Adams,1981-12-14,michaeladams@example.com,888-333-6666,666 Maple Rd,Sunnydale,FL,USA
145,Emily,Johnson,1977-09-03,emilyjohnson@example.com,999-444-7777,777 Birch Blvd,Forestville,CA,USA
146,Brandon,Smith,1986-05-27,brandonsmith@example.com,111-555-8888,888 Cedar Cir,Hilltop,FL,USA
147,Olivia,White,1990-11-01,oliviawhite@example.com,222-666-9999,999 Pinecrest Rd,Meadowville,NY,USA
148,Andrew,Clark,1993-07-14,andrewclark@example.com,333-777-2222,111 Maple Ave,Beachtown,CA,USA
149,Megan,Green,1982-08-19,megangreen@example.com,444-888-3333,222 Sycamore Rd,Redwood City,CA,USA
150,James,Lee,1994-06-10,jameslee@example.com,555-999-4444,333 Cedar Blvd,Sunnydale,FL,USA
151,Amy,Johnson,1988-02-09,amyjohnson@example.com,666-111-5555,444 Birch Ln,Forestville,CA,USA
152,Michael,Roberts,1983-10-27,michaelroberts@example.com,777-222-6666,555 Oak Rd,Beachtown,CA,USA
153,Jessica,Lee,1991-09-13,jessicalee@example.com,888-333-7777,666 Maple Blvd,Hilltop,FL,USA
154,David,Mitchell,1985-04-21,davidmitchell@example.com,999-444-8888,777 Cedar Ln,Sunnydale,FL,USA
155,Laura,Scott,1992-03-30,laurascott@example.com,111-555-9999,888 Sycamore Cir,Redwood City,CA,USA
156,Robert,Brown,1984-07-06,robertbrown@example.com,222-666-1111,999 Pine Ln,Forestville,CA,USA
157,Emily,Wilson,1990-11-09,emilywilson@example.com,333-777-2222,111 Cedar Rd,Hilltop,FL,USA
158,Daniel,White,1981-01-11,danielwhite@example.com,444-888-3333,222 Oak Blvd,Beachtown,CA,USA
159,Stephanie,Adams,1987-12-18,stephanieadams@example.com,555-999-4444,333 Maple Dr,Redwood City,CA,USA
160,Joshua,Mitchell,1994-08-29,joshuamitchell@example.com,666-111-5555,444 Birch Blvd,Forestville,CA,USA
161,Olivia,James,1983-05-23,oliviajames@example.com,777-222-6666,555 Sycamore Ln,Sunnydale,FL,USA
162,Amanda,Harris,1991-10-10,amandaharris@example.com,888-333-7777,666 Pinecrest Rd,Hilltop,FL,USA
163,Michael,Adams,1985-11-06,michaeladams@example.com,999-444-8888,777 Cedar Ave,Redwood City,CA,USA
164,Jennifer,Young,1992-04-01,jenniferyoung@example.com,111-555-9999,888 Maple Ln,Forestville,CA,USA
165,James,Scott,1984-03-12,jamesscott@example.com,222-666-1111,999 Oak Ln,Beachtown,CA,USA
166,Laura,Roberts,1988-02-28,lauraroberts@example.com,333-777-2222,111 Pinecrest Rd,Sunnydale,FL,USA
167,Robert,Green,1991-09-06,robertgreen@example.com,444-888-3333,222 Sycamore Blvd,Redwood City,CA,USA
168,Emily,Evans,1983-07-15,emilyevans@example.com,555-999-4444,333 Maple Blvd,Beachtown,CA,USA
169,Daniel,Johnson,1994-03-19,danieljohnson@example.com,666-111-5555,444 Cedar Ln,Hilltop,FL,USA
170,Olivia,Smith,1990-12-20,oliviasmith@example.com,777-222-6666,555 Birch Rd,Forestville,CA,USA
171,Amanda,Wood,1986-10-29,amandawood@example.com,888-333-7777,666 Oak Ave,Sunnydale,FL,USA
172,Michael,Lee,1982-11-08,michaellee@example.com,999-444-8888,777 Maple Blvd,Redwood City,CA,USA
173,Jennifer,Mitchell,1995-01-13,jennifermitchell@example.com,111-555-9999,888 Pine Ln,Beachtown,CA,USA
174,David,Campbell,1984-09-01,davidcampbell@example.com,222-666-1111,999 Cedar Blvd,Hilltop,FL,USA
175,Laura,Johnson,1991-04-12,laurajohnson@example.com,333-777-2222,111 Sycamore Rd,Forestville,CA,USA
176,James,Roberts,1988-03-25,jamesroberts@example.com,444-888-3333,222 Maple Dr,Redwood City,CA,USA
177,Emily,Harris,1993-05-07,emilyharris@example.com,555-999-4444,333 Oak Ln,Sunnydale,FL,USA
178,Daniel,White,1986-12-19,danielwhite@example.com,666-111-5555,444 Sycamore Cir,Beachtown,CA,USA
179,Olivia,Clark,1981-10-13,oliviaclark@example.com,777-222-6666,555 Cedar Ave,Forestville,CA,USA
180,Amanda,Green,1990-07-23,amandagreen@example.com,888-333-7777,666 Pinecrest Rd,Sunnydale,FL,USA
181,Michael,Scott,1995-06-04,michaelScott@example.com,999-444-8888,777 Maple Blvd,Redwood City,CA,USA
182,Jennifer,White,1987-02-15,jenniferwhite@example.com,111-555-9999,888 Birch Ln,Beachtown,CA,USA
183,David,Smith,1989-05-21,davidsmith@example.com,222-666-1111,999 Cedar Dr,Hilltop,FL,USA
184,Laura,Brown,1991-09-09,laurabrown@example.com,333-777-2222,111 Pine Ln,Forestville,CA,USA
185,James,Evans,1983-04-14,jamesevans@example.com,444-888-3333,222 Oak Blvd,Beachtown,CA,USA
186,Emily,Mitchell,1985-07-30,emilymitchell@example.com,555-999-4444,333 Sycamore Cir,Sunnydale,FL,USA
187,Daniel,Adams,1990-11-17,danieladams@example.com,666-111-5555,444 Maple Ln,Hilltop,FL,USA
188,Olivia,Johnson,1988-03-12,oliviajohnson@example.com,777-222-6666,555 Cedar Rd,Redwood City,CA,USA
189,Amanda,Smith,1991-02-07,amandasmith@example.com,888-333-7777,666 Pinecrest Rd,Forestville,CA,USA
190,Michael,Clark,1982-06-14,michaelclark@example.com,999-444-8888,777 Maple Dr,Beachtown,CA,USA
191,Jessica,Roberts,1987-10-23,jessicaroberts@example.com,111-555-9999,888 Cedar Ln,Sunnydale,FL,USA
192,David,White,1990-12-10,davidwhite@example.com,222-666-1111,999 Sycamore Blvd,Forestville,CA,USA
193,Laura,James,1984-05-22,laurajames@example.com,333-777-2222,111 Birch Ln,Redwood City,CA,USA
194,James,Mitchell,1989-08-19,jamesmitchell@example.com,444-888-3333,222 Pinecrest Rd,Sunnydale,FL,USA
195,Emily,Campbell,1985-11-29,emilycampbell@example.com,555-999-4444,333 Oak Blvd,Hilltop,FL,USA
196,Daniel,White,1992-07-18,danielwhite@example.com,666-111-5555,444 Cedar Ave,Forestville,CA,USA
197,Olivia,Green,1989-09-04,oliviagreen@example.com,777-222-6666,555 Maple Blvd,Redwood City,CA,USA
198,Amanda,Johnson,1994-10-27,amandajohnson@example.com,888-333-7777,666 Sycamore Cir,Hilltop,FL,USA
199,Michael,Smith,1983-12-08,michaelsmith@example.com,999-444-8888,777 Pine Ln,Beachtown,CA,USA
200,Jessica,Lee,1990-02-19,jessicalee@example.com,111-555-9999,888 Cedar Rd,Sunnydale,FL,USA